{"Root": {"Top/Features": 0.33220003708969525, "Top/Opinion": 0.06447425356988316, "Top/Classifieds": 0.19925408501782366, "Top/News": 0.4040716243225979}, "Top/News": {"Top/News/Education": 0.020470864402098866, "Top/News/Corrections": 0.02595967964650649, "Top/News/Front Page": 0.02775476387738194, "Top/News/Sports": 0.09948909141121237, "Top/News/World": 0.11951118475559237, "Top/News/Washington": 0.051850317591825464, "Top/News/Health": 0.04335818834576084, "Top/News/Obituaries": 0.0196078431372549, "Top/News/Business": 0.1887600110466722, "Top/News/U.S.": 0.17802402651201327, "Top/News/Science": 0.017778238055785694, "Top/News/Technology": 0.030102181717757526, "Top/News/New York and Region": 0.17733360950013807}, "Top/News/World": {"Top/News/World/Middle East": 0.1270380434782609, "Top/News/World/Africa": 0.041270380434782615, "Top/News/World/Asia Pacific": 0.11939538043478262, "Top/News/World/Europe": 0.14673913043478265, "Top/News/World/Countries and Territories": 0.49303668478260876, "Top/News/World/Americas": 0.07252038043478262}, "Top/News/World/Countries and Territories": {"Top/News/World/Countries and Territories/China": 0.08447380840018877, "Top/News/World/Countries and Territories/Japan": 0.0632373761208117, "Top/News/World/Countries and Territories/Russia": 0.07031618688060406, "Top/News/World/Countries and Territories/Russia and the Former Soviet Union": 0.14865502595563945, "Top/News/World/Countries and Territories/United Kingdom": 0.06795658329400661, "Top/News/World/Countries and Territories/Israel": 0.09155261915998113, "Top/News/World/Countries and Territories/United States": 0.25908447380840016, "Top/News/World/Countries and Territories/Iraq": 0.1467673430863615, "Top/News/World/Countries and Territories/Great Britain": 0.06795658329400661}, "Top/Classifieds": {"Top/Classifieds/Real Estate": 0.04506898313745529, "Top/Classifieds/Paid Death Notices": 0.21420541645375574, "Top/Classifieds/Job Market": 0.740725600408789}, "Top/Classifieds/Job Market": {"Top/Classifieds/Job Market/Job Categories": 1.0}, "Top/Classifieds/Job Market/Job Categories": {"Top/Classifieds/Job Market/Job Categories/Legal": 0.057401103415893884, "Top/Classifieds/Job Market/Job Categories/Media, Entertainment and Publishing": 0.12055405564033338, "Top/Classifieds/Job Market/Job Categories/Education": 0.04683648315529992, "Top/Classifieds/Job Market/Job Categories/Government, Philanthropy and NGO": 0.11057635872755019, "Top/Classifieds/Job Market/Job Categories/Technology, Telecommunications and Internet": 0.06714403098955277, "Top/Classifieds/Job Market/Job Categories/Music, Theater and Dance": 0.07958680596314122, "Top/Classifieds/Job Market/Job Categories/Marketing, Advertising and PR": 0.0419063270336894, "Top/Classifieds/Job Market/Job Categories/Fashion, Beauty and Fitness": 0.030520014086160348, "Top/Classifieds/Job Market/Job Categories/Hospitality, Restaurant and Travel": 0.04847986852917009, "Top/Classifieds/Job Market/Job Categories/Banking, Finance and Insurance": 0.18558516257776733, "Top/Classifieds/Job Market/Job Categories/Law Enforcement and Security": 0.0327503228078413, "Top/Classifieds/Job Market/Job Categories/Art and Design": 0.042493250381500175, "Top/Classifieds/Job Market/Job Categories/Manufacturing, Operations and Logistics": 0.07536095785890362, "Top/Classifieds/Job Market/Job Categories/Sales and Business Development": 0.021364009860312245, "Top/Classifieds/Job Market/Job Categories/Healthcare": 0.03944124897288414}, "Top/Features": {"Top/Features/Dining and Wine": 0.014500210486926424, "Top/Features/Books": 0.043266757098086916, "Top/Features/Travel": 0.5742083352822864, "Top/Features/Style": 0.0725478273071706, "Top/Features/Movies": 0.03564245287431592, "Top/Features/Arts": 0.1794284110575799, "Top/Features/Magazine": 0.02479068244539034, "Top/Features/Week in Review": 0.016090556153234487, "Top/Features/Home and Garden": 0.019645446466158383, "Top/Features/Theater": 0.019879320828850744}, "Top/Features/Travel": {"Top/Features/Travel/Guides": 0.969602680708473, "Top/Features/Travel/Sunday Travel": 0.030397319291527048}, "Top/Features/Travel/Guides": {"Top/Features/Travel/Guides/Activities and Interests": 0.27301517160111943, "Top/Features/Travel/Guides/Destinations": 0.7269848283988806}, "Top/Features/Travel/Guides/Destinations": {"Top/Features/Travel/Guides/Destinations/Asia": 0.09263547938860583, "Top/Features/Travel/Guides/Destinations/Africa": 0.03195924038906901, "Top/Features/Travel/Guides/Destinations/Caribbean and Bermuda": 0.014636405743399722, "Top/Features/Travel/Guides/Destinations/North America": 0.6045391384900417, "Top/Features/Travel/Guides/Destinations/Europe": 0.13923112552107458, "Top/Features/Travel/Guides/Destinations/Central and South America": 0.02982862436313108, "Top/Features/Travel/Guides/Destinations/Middle East": 0.08716998610467809}, "Top/Features/Travel/Guides/Destinations/Middle East": {"Top/Features/Travel/Guides/Destinations/Middle East/Iraq": 0.4358974358974359, "Top/Features/Travel/Guides/Destinations/Middle East/Palestinian Authority": 0.1737891737891738, "Top/Features/Travel/Guides/Destinations/Middle East/Israel": 0.2716049382716049, "Top/Features/Travel/Guides/Destinations/Middle East/Iran": 0.11870845204178537}, "Top/News/Business": {"Top/News/Business/Markets": 0.1452991452991453, "Top/News/Business/Media and Advertising": 0.2419871794871795, "Top/News/Business/Your Money": 0.22916666666666666, "Top/News/Business/Small Business": 0.10844017094017094, "Top/News/Business/Columns": 0.27510683760683763}, "Top/News/Health": {"Top/News/Health/Diseases, Conditions, and Health Topics": 1.0}, "Top/News/Health/Diseases, Conditions, and Health Topics": {"Top/News/Health/Diseases, Conditions, and Health Topics/Medicine and Health": 1.0}, "Top/Features/Travel/Guides/Destinations/North America": {"Top/Features/Travel/Guides/Destinations/North America/Canada": 0.019118100524205983, "Top/Features/Travel/Guides/Destinations/North America/United States": 0.9808818994757941}, "Top/News/U.S.": {"Top/News/U.S./U.S. States, Territories and Possessions": 0.48537924892385337, "Top/News/U.S./Midwest": 0.036514769185097225, "Top/News/U.S./New England": 0.039631883627727474, "Top/News/U.S./West": 0.041413091880659045, "Top/News/U.S./South": 0.07199050022265104, "Top/News/U.S./Mid-Atlantic": 0.30443817723022115, "Top/News/U.S./Southwest": 0.020632328929790708}, "Top/News/U.S./U.S. States, Territories and Possessions": {"Top/News/U.S./U.S. States, Territories and Possessions/Washington, D.C.": 0.04901596732268845, "Top/News/U.S./U.S. States, Territories and Possessions/California": 0.07760861492759005, "Top/News/U.S./U.S. States, Territories and Possessions/Connecticut": 0.07909394727070182, "Top/News/U.S./U.S. States, Territories and Possessions/New York": 0.6461195692536205, "Top/News/U.S./U.S. States, Territories and Possessions/New Jersey": 0.14816190122539918}, "Top/Features/Travel/Guides/Destinations/North America/United States": {"Top/Features/Travel/Guides/Destinations/North America/United States/Florida": 0.03237936076874869, "Top/Features/Travel/Guides/Destinations/North America/United States/Washington, D.C.": 0.05159807812826405, "Top/Features/Travel/Guides/Destinations/North America/United States/Connecticut": 0.05556716106120744, "Top/Features/Travel/Guides/Destinations/North America/United States/New York": 0.6684771255483601, "Top/Features/Travel/Guides/Destinations/North America/United States/California": 0.0674744098600376, "Top/Features/Travel/Guides/Destinations/North America/United States/New Jersey": 0.12450386463338207}, "Top/Features/Travel/Guides/Destinations/North America/United States/New York": {"Top/Features/Travel/Guides/Destinations/North America/United States/New York/New York City": 0.9324497648567764, "Top/Features/Travel/Guides/Destinations/North America/United States/New York/Long Island": 0.0675502351432236}, "Top/News/Sports": {"Top/News/Sports/Hockey": 0.11803114013058764,