{"Root": {"CS": 0.13906033840587423, "Medical": 0.3134777056507396, "Civil": 0.09074704692987123, "ECE": 0.1157816324358838, "biochemistry": 0.11993189315739065, "MAE": 0.06890496967117166, "Psychology": 0.15209641374906885}, "CS": {"Symbolic computation": 0.06007269944518843, "Computer vision": 0.06542950066960014, "Computer graphics": 0.06255978572795101, "Operating systems": 0.05701167017409602, "Machine learning": 0.06160321408073463, "Data structures": 0.061411899751291354, "network security": 0.06906447292902237, "Image processing": 0.06409030036349721, "Parallel computing": 0.06944710158790893, "Distributed computing": 0.06179452841017791, "Algorithm design": 0.05815955615075568, "Computer programming": 0.06466424335182704, "Relational databases": 0.0587334991390855, "Software engineering": 0.06389898603405393, "Bioinformatics": 0.05682035584465275, "Cryptography": 0.0587334991390855, "Structured Storage": 0.006504687201071359}, "Medical": {"Alzheimer's Disease": 0.02478146482220147, "Parkinson's Disease": 0.020453195281337516, "Sprains and Strains": 0.009505219383858099, "Cancer": 0.024951200882627506, "Sports Injuries": 0.025375541033692602, "Senior Health": 0.007553254688958668, "Multiple Sclerosis": 0.017058474072816767, "Hepatitis C": 0.019010438767716197, "Weight Loss": 0.022574896036662986, "Low Testosterone": 0.021471611643893742, "Fungal Infection": 0.025375541033692602, "Diabetes": 0.025036068912840527, "Parenting": 0.024357124671136376, "Birth Control": 0.023338708308580154, "Heart Disease": 0.020538063311550534, "Allergies": 0.02469659679198845, "Menopause": 0.024866332852414488, "Emergency Contraception": 0.019519646948994312, "Skin Care": 0.023253840278367136, "Myelofibrosis": 0.013239412713230923, "Hypothyroidism": 0.02019859119069846, "Headache": 0.023084104217941097, "Overactive Bladder": 0.023253840278367136, "Irritable Bowel Syndrome": 0.023423576338793172, "Polycythemia Vera": 0.010269031655775267, "Atrial Fibrillation": 0.027327505728592032, "Smoking Cessation": 0.01816175846558601, "Lymphoma": 0.01875583467707714, "Asthma": 0.02096240346261563, "Bipolar Disorder": 0.019349910888568272, "Crohn's Disease": 0.013154544683017903, "Idiopathic Pulmonary Fibrosis": 0.016634133921751674, "Mental Health": 0.014512433166426204, "Dementia": 0.016634133921751674, "Rheumatoid Arthritis": 0.013324280743443941, "Osteoporosis": 0.020707799371976573, "Medicare": 0.017737418314520918, "Psoriatic Arthritis": 0.014172961045574129, "Addiction": 0.021217007553254685, "Atopic Dermatitis": 0.018501230586438086, "Digestive Health": 0.0066197063566154615, "Healthy Sleep": 0.008656539081727912, "Anxiety": 0.017313078163455824, "Psoriasis": 0.00806246287023678, "Ankylosing Spondylitis": 0.023084104217941097, "Children's Health": 0.023763048459645244, "Stress Management": 0.02622422133582279, "HIV/AIDS": 0.024951200882627506, "Migraine": 0.013154544683017903, "Osteoarthritis": 0.021301875583467703, "Hereditary Angioedema": 0.012305864380887717, "Kidney Health": 0.00602563014512433, "Autism": 0.02019859119069846}, "Civil": {"Green Building": 0.0970389914980944, "Water Pollution": 0.10612723541483436, "Smart Material": 0.0870712401055409, "Ambient Intelligence": 0.09938434476693052, "Construction Management": 0.09733216065669892, "Suspension Bridge": 0.09029610085019056, "Geotextile": 0.10436822046320728, "Stealth Technology": 0.034593960715332744, "Solar Energy": 0.08795074758135445, "Remote Sensing": 0.09293462327763119, "Rainwater Harvesting": 0.10290237467018469}, "ECE": {"Electric motor": 0.09581801470588236, "Digital control": 0.07766544117647059, "Microcontroller": 0.07536764705882353, "Electrical network": 0.07375919117647059, "Electrical generator": 0.0, "Electricity": 0.08203125, "Operational amplifier": 0.07605698529411764, "Analog signal processing": 0.11879595588235294, "State space representation": 0.062270220588235295, "Signal-flow graph": 0.047104779411764705, "Electrical circuits": 0.06939338235294118, "Lorentz force law": 0.008042279411764705, "System identification": 0.07536764705882353, "PID controller": 0.07766544117647059, "Voltage law": 0.010340073529411764, "Control engineering": 0.05032169117647059}, "biochemistry": {"Molecular biology": 0.13243123336291038, "Enzymology": 0.0987133984028394, "Southern blotting": 0.09050576752440107, "Northern blotting": 0.12422360248447205, "Human Metabolism": 0.1095829636202307, "Polymerase chain reaction": 0.13065661047027508, "Immunology": 0.11357586512866016, "Genetics": 0.09782608695652174, "Cell biology": 0.10248447204968944}, "MAE": {"Fluid mechanics": 0.1138996138996139, "Hydraulics": 0.1247104247104247, "computer-aided design": 0.10656370656370656, "Manufacturing engineering": 0.10347490347490347, "Machine design": 0.1250965250965251, "Thermodynamics": 0.11119691119691119, "Materials Engineering": 0.09111969111969112, "Strength of materials": 0.10540540540540541, "Internal combustion engine": 0.11853281853281854}, "Psychology": {"Prenatal development": 0.05404932656987931, "Attention": 0.055098828056673085, "Eating disorders": 0.05230015742522302, "Borderline personality disorder": 0.05125065593842925, "Prosocial behavior": 0.05527374497113872, "False memories": 0.05230015742522302, "Problem-solving": 0.05125065593842925, "Prejudice": 0.05264999125415428, "Antisocial personality disorder": 0.05142557285289488, "Nonverbal communication": 0.05387440965541369, "Leadership": 0.04950148679377296, "Child abuse": 0.0557984957145356, "Gender roles": 0.057372747944726264, "Depression": 0.05352457582648243, "Social cognition": 0.057372747944726264, "Seasonal affective disorder": 0.054224243484344944, "Person perception": 0.05404932656987931, "Media violence": 0.04198005947175092, "Schizophrenia": 0.046702816162322906}}